Image Paths,Product Name,Product Image,Card Effect,Card Name,Card Number,Card Type,Card Subtype,Class,Cost,Defense Value,Finish,Intellect,Life,Pitch Value,Power,Rarity,Set Name,Multi Faced,Image Uris,Card Uri
,,,,Raging Onslaught (Blue),,,,,,,Regular,,,,,,Welcome to Rathe,false,,https://shop.tcgplayer.com/flesh-and-blood-tcg/welcome-to-rathe/raging-onslaught-blue?Language=English
,,,,Raging Onslaught (Red),,,,,,,Regular,,,,,,Welcome to Rathe,false,,https://shop.tcgplayer.com/flesh-and-blood-tcg/welcome-to-rathe/raging-onslaught-red?Language=English
,,,,Wounding Blow (Yellow),,,,,,,Regular,,,,,,Welcome to Rathe,false,,https://shop.tcgplayer.com/flesh-and-blood-tcg/welcome-to-rathe/wounding-blow-yellow?Language=English
,,,,Wounding Blow (Blue),,,,,,,Regular,,,,,,Welcome to Rathe,false,,https://shop.tcgplayer.com/flesh-and-blood-tcg/welcome-to-rathe/wounding-blow-blue?Language=English
,,,,Raging Onslaught (Yellow),,,,,,,Regular,,,,,,Welcome to Rathe,false,,https://shop.tcgplayer.com/flesh-and-blood-tcg/welcome-to-rathe/raging-onslaught-yellow?Language=English
,,,,Wounding Blow (Red),,,,,,,Regular,,,,,,Welcome to Rathe,false,,https://shop.tcgplayer.com/flesh-and-blood-tcg/welcome-to-rathe/wounding-blow-red?Language=English
